Cluster.ID,Center,Cluster.Score,time_point_1,time_point_2
1,AAAAAAAATAGAACAATGTA,0.000000,4,4
2,AAAAAAATTCAGGTCAGTGC,0.000000,1,1
3,AAAAAAATTCAGCAGCCAGA,0.000000,1,1
4,AAAAAAATTAGAACAATGTA,0.000000,1,1
5,AAAAAAACATGATATACGAC,0.380947,27,27
6,AAAAAAACGACCTCCGCTAA,0.228538,27,27
7,AAAAAAAGCTTCGACCCCTG,0.000000,3,3
8,AAAAAAATGAATTTGCGCTT,0.000000,2,2
9,AAAAAAATCTTCGTCTTAGG,0.000000,3,3
10,AAAAAAAGCTGCGACCCCTG,0.000000,1,1
11,AAAAAAATCGATTCCAGGAC,0.000000,1,1
12,AAAAAAAGACCGACAACCCC,0.000000,1,1
13,AAAAAAATATTGTGGGGCTT,0.000000,1,1
14,AAAAAAATAGGAACCGGACA,0.297472,114,114
15,AAAAAAATACTCGTTGTTTA,0.000000,1,1
16,AAAAAAACGCAGTTGATAAA,1.000000,2,2
17,AAAAAAAGTTCAATTTTGGT,0.000000,1,1
18,AAAAAAAAAAACCCTGTTAG,0.000000,1,1
19,AAAAAAAGTGGTAACCAACC,0.000000,1,1
20,AAAAAAAGTGCCAGTATTGA,0.000000,1,1
21,AAAAAAAGTGAGCATCGGTT,0.000000,2,2
22,AAAAAAAAGCCTAGGTCTAG,0.000000,1,1
23,AAAAAAATCGCACTCTGATA,1.000000,2,2
24,AAAAAAAGTCAGGATTAACG,0.000000,1,1
25,AAAAAAAGTCAACAAACGGG,0.000000,2,2
26,AAAAAAAGGTTTGTAAGGCT,0.000000,1,1
27,AAAAAAAGGTTTGAGTTGCA,0.000000,2,2
28,AAAAAAATCGAATAATACTC,0.000000,1,1
29,AAAAAAACGCCCTAGCGTAG,0.000000,1,1
30,AAAAAAAGGGCATAGCATTT,0.000000,1,1
31,AAAAAAAACGGCCACGCTTC,0.000000,1,1
32,AAAAAAAGGATATGGGAAAA,0.000000,1,1
33,AAAAAAAGCAGGGATGTTGT,0.000000,1,1
34,AAAAAAAGAGGGGAGGGGGG,1.000000,2,2
35,AAAAAAAGTGAGAGAACGAC,0.000000,1,1
36,AAAAAAACTGCAGCAGGGAC,0.000000,1,1
37,AAAAAAACTAAGCTTGACCT,0.000000,1,1
38,AAAAAAAGAAGTTCTTCAAA,0.000000,2,2
39,AAAAAAACGCGACTAAAAAT,0.000000,1,1
40,AAAAAAACCCGTTTAACAAG,0.000000,1,1
41,AAAAAAAGGGAGTCTATCCG,0.000000,1,1
42,AAAAAAACTGCCGGCCATGG,0.000000,1,1
43,AAAAAAACGAACCTATCGCT,0.000000,3,3
44,AAAAAAAATGGTTTTTTATG,0.000000,1,1
45,AAAAAAACCGCTCGTGCATA,0.000000,1,1
46,AAAAAAAAAAGAGCCTGTGA,1.000000,2,2
47,AAAAAAACCCGATACATTGC,1.000000,2,2
48,AAAAAAACATTACATACCCC,0.000000,1,1
49,AAAAAAACGGGCGAGAACTA,0.000000,1,1
50,AAAAAAACCAGTCGGCCATG,0.000000,1,1
51,AAAAAAAATGTAATCTAGCT,0.000000,1,1
52,AAAAAAACCACAGCGGCTAT,0.000000,1,1
53,AAAAAAAAACATCTGCATTT,0.000000,1,1
54,AAAAAAAGGCGTGATGCAGG,1.000000,2,2
55,AAAAAAAGTGGTGTCTACTT,0.000000,1,1
56,AAAAAAAAATAGCGAGGTCT,0.000000,1,1
57,AAAAAAACCTTCCGTTATAC,0.000000,1,1
58,AAAAAAAATACCGTACAAAC,0.000000,2,2
59,AAAAAAAATGTGGCGGCAGT,0.000000,1,1
60,AAAAAAACGAGCCGTATATA,0.000000,1,1
61,AAAAAAAATGAGCCTTAACC,0.000000,2,2
62,AAAAAAAATCGCAGGTGGAG,0.000000,3,3
63,AAAAAAACCCGAAACATTAG,0.000000,1,1
64,AAAAAAAAGACCATTGTAGT,0.000000,1,1
65,AAAAAAAAAGGGGCTTGTGG,0.000000,1,1
