Truth,True.size,Estimated_sequence,Estimated_size,Cluster.Score,Cluster.ID,is_in_truth
CGTGGTTGGTCGAGTGTTGG,6,CGTGGTTGGTCGACTGTTGG,6,1,1679116,no
TGCGCAAAATCTATTCCCAG,6,TGCGCAAAATCTATTACCAG,4,1,148513,no
TGCCATGCTAAGAATTCGCT,7,TGCCATGCTAAGAACTCGCT,4,1,154696,no
CACGCATACAACGTCCCTGG,4,CACGCACACAACGTCCCTGG,4,1,498603,no
TACCGCTATGTTATACACCT,4,TACCGCTATCTTATACACCT,4,1,1059077,no
CTAATTTCGACAACACCAAT,4,CTAATTTAGACAACACCAAT,4,0.811278,1597983,no
CTCTAAAAGGACCCGGAAAA,4,CTCTAAAAGGACCAGGAAAA,4,1,1770770,no
GGGGCCGGCCTCTCCAAGGG,4,GAGGCCGGCCTCTCCAAGGG,4,1,2222884,no
TTCTACGGGCGGGCCTTTCG,4,TTCTACGGGCGGGCCTTTCG,3,0.918296,49077,yes
TTAATTCTATGGGTCCCGTA,4,TTAATTCTATGGGTCCCGTA,3,0.918296,84363,yes
TGGTAACATCTCCTACGGAA,4,TGGTAACATCTCCTACGGAA,3,0.918296,118159,yes
TGCTCGCTTGCAGGGCGCAA,4,TGCTCGCTTGCAGGGCGCAA,3,0.918296,140715,yes
TCGTGATGAGCGGGATGCCC,4,TCGTGATGAGCGGGATGCCC,3,0.918296,217045,yes
AACATTACTGGCTCTTAGTG,4,AACATTACTGGCTCTTAGTG,3,0,282986,yes
AGTCAGTCTTATCGTAGTGA,4,AGTCAGTCTTGTCGTAGTGA,3,0.918296,333689,no
CCACCAATCTCGTGAGCGAA,4,CCACCAATCTCGTGAGCGAA,3,0.918296,404054,yes
CATAGCTCACTGCGCGTCCT,4,CATAGCTCACTGCGCGTCCT,3,0.918296,442482,yes
CGCACTTGCGCTTTTCACAC,4,CGCACTTGCGCTTTTCACAC,3,0.918296,517210,yes
ACCGTCACAGAAAGGAGTCG,4,ACCGTCACAGAAAGGAGTCG,3,0.918296,737528,yes
GAACTTACTTCCAGATCTTG,4,GAACTTACTTCCAGATCTTG,3,0.918296,749704,yes
TTGATCGACCCTCTATCTTC,4,TTGATCGACCCTCTATCTTC,3,0,806299,yes
AATCGTTCAGAAGCGTTGAA,4,AATCGTTCAGAAGCGTTGAA,3,0.918296,1060777,yes
GGCCCACCTGGCCCCTTCTT,4,GGCCCACCTGGCCCCTTCTT,3,0.918296,1069163,yes
AAATAGAGCGCGTTAGAGTC,4,AAATAGAGCGCGTTAGAGTC,3,0.918296,1075551,yes
AGCTTCGTCGCGATGTTCGA,4,AGCTTCGTCGCGATGTTCGA,3,0,1141837,yes
TAAATGTCAAATAACAGGGC,4,TAAATGTCAAATAACAGGGC,3,0,1200571,yes
ATTGGTCTCCCAACGAATGC,4,ATTGGTCTCCCAACGAATGC,3,0.918296,1264456,yes
ACTTAATCCCCAGCTGGAGG,4,ACTTAATCCCCAGCTGGAGG,3,0.918296,1368447,yes
ACGCTATCATGGTCAGATCT,4,ACGCTATCATGGTCAGATCT,3,0.918296,1440779,yes
AGCCATTGGGCAGCCGGCCG,4,AGCCATTGGGCAGCCGGCCG,3,0.918296,1461353,yes
CCCGAGCCCCGCTTCTCAAA,4,CCCGAGCCCCGCTTCTCAAA,3,0.918296,1577326,yes
CGGGGTGGACATCAAGGCGT,4,CGGGGTGGACATCAAGGCGT,3,0,1635093,yes
GGTCATGCTCAGTCGCGGTA,4,GGTCATGCTCAGTCGCGGTA,3,0.918296,1637680,yes
CTATATACGATGACACAGGA,4,CTATATACGATGACACAGGA,3,0.918296,1729380,yes
CTTCGGTCATATTGCAGTCA,4,CTTCGGTCATATTGCAGTCA,3,0,1841197,yes
GAGTGTCTGGCGGGGACTCT,4,GAGTGTCTGGCGGGGACTCT,3,0.918296,1980386,yes
GCACTCAGAATAGCCAGCGA,4,GCACTCAGAATAGCCAGCGA,3,0,2037645,yes
TCTTTCACGCGAACACCCTA,4,TCTTTCACGCGAACACCCTA,3,0,2137432,yes
GGCACACAACACGGATTGCA,4,GGCACACAACACGGATTGCA,3,0.918296,2202843,yes
CGATCATCTGCGTAAGCGCA,4,CGATCATCTGCGTAAGCGCA,3,0.918296,2265719,yes
TTCCTGTTTCAGTCTTCGGC,4,TTCCTGTTTCAGTCTTCGGC,3,0,2340480,yes
CGATTCACGGGAACTAACGC,4,CGATTCACGGGAACCAACGC,2,1,279975,no
CAGCTAACATGCTATGGTAT,4,CAGCTAACATGCTATCGTAT,2,1,298903,no
ATAATTGCTTTGGCCTTGGT,4,ATAATTCCTTTGGCCTTGGT,2,1,538210,no
GCTCCATGTGATTAACATAA,5,GCTCCATGTGATCAACACAA,2,1,942257,no
CTACAATTCATGCCTCCGTA,4,CTACAAGGCATGCCTCCGTA,2,1,1704438,no
